id,date,sheet_name,row_index,transaction,to_go,dine_in,unnamed_column_ 4,unnamed_column_ 5,coupon,gross,unnamed_column_ 8,total,service,receipt,unnamed_column_ 12,unnamed_column_ 13,unnamed_column_ 14,unnamed_column_ 15,unnamed_column_ 16,unnamed_column_ 17,unnamed_column_ 18
txn_2022_02_01_001,2022-02-01,2-1,1,1,15.5,0.0,0.0,0.0,0.0,15.5,0.0,15.5,0.54,16.04,,,,,,,
txn_2022_02_01_002,2022-02-01,2-1,2,2,0.0,34.445,2.33,0.0,0.0,36.775,10.0,46.775,1.29,48.065,,,,,,,
txn_2022_02_01_003,2022-02-01,2-1,3,3,0.0,16.0,1.08,0.0,0.0,17.08,5.0,22.08,0.6,22.68,,,,,,,
txn_2022_02_01_004,2022-02-01,2-1,4,4,0.0,18.95,1.28,0.0,0.0,20.23,5.0,25.23,0.71,25.94,,,,,,,
txn_2022_02_01_005,2022-02-01,2-1,5,5,9.0,0.0,0.0,0.0,0.0,9.0,1.0,10.0,0.32,10.32,,,,,,,
txn_2022_02_01_006,2022-02-01,2-1,6,6,0.0,100.45,6.78,0.0,0.0,107.23,5.0,112.23,3.75,115.98,,,,,,,
txn_2022_02_01_007,2022-02-01,2-1,7,7,36.5,0.0,0.0,0.0,0.0,36.5,3.0,39.5,1.28,40.78,,,,,,,
txn_2022_02_01_008,2022-02-01,2-1,8,8,49.75,0.0,0.0,0.0,0.0,49.75,0.0,49.75,1.74,51.49,,,,,,,
txn_2022_02_01_009,2022-02-01,2-1,9,9,16.75,0.0,0.0,0.0,0.0,16.75,0.0,16.75,0.59,17.34,,,,,,,
txn_2022_02_01_010,2022-02-01,2-1,10,10,0.0,56.45,3.81,0.0,0.0,60.260000000000005,10.0,70.26,2.11,72.37,,,,,,,
txn_2022_02_01_011,2022-02-01,2-1,11,11,0.0,54.0,3.65,0.0,0.0,57.65,3.0,60.65,2.02,62.67,,,,,,,
txn_2022_02_02_012,2022-02-02,2-2,1,1,15.5,0.0,0.0,0.0,0.0,15.5,0.0,15.5,0.54,16.04,,,,,,,
txn_2022_02_02_013,2022-02-02,2-2,2,2,0.0,19.0,1.28,0.0,0.0,20.28,5.0,25.28,0.71,25.990000000000002,,,,,,,
txn_2022_02_02_014,2022-02-02,2-2,3,3,0.0,23.5,1.59,0.0,0.0,25.09,9.0,34.09,0.88,34.970000000000006,,,,,,,
txn_2022_02_02_015,2022-02-02,2-2,4,4,37.5,0.0,0.0,0.0,0.0,37.5,8.0,45.5,1.31,46.81,,,,,,,
txn_2022_02_02_016,2022-02-02,2-2,5,5,67.5,0.0,0.0,0.0,0.0,67.5,0.0,67.5,2.36,69.86,,,,,,,
txn_2022_02_02_017,2022-02-02,2-2,6,6,26.5,0.0,0.0,0.0,0.0,26.5,0.0,26.5,0.93,27.43,,,,,,,
txn_2022_02_02_018,2022-02-02,2-2,7,7,0.0,135.0,9.11,27.0,0.0,171.11,0.0,171.11,5.99,177.10000000000002,,,,,,,
txn_2022_02_02_019,2022-02-02,2-2,8,8,0.0,90.95,6.14,0.0,0.0,97.09,20.0,117.09,3.4,120.49000000000001,,,,,,,
txn_2022_02_02_020,2022-02-02,2-2,9,9,31.5,0.0,0.0,0.0,0.0,31.5,4.4,35.9,1.1,37.0,,,,,,,
txn_2022_02_04_021,2022-02-04,2-4,1,1,39.0,0.0,0.0,0.0,0.0,39.0,0.0,39.0,1.37,40.37,,,,,,,
txn_2022_02_04_022,2022-02-04,2-4,2,2,0.0,24.5,1.65,0.0,0.0,26.15,5.0,31.15,0.92,32.07,,,,,,,
txn_2022_02_04_023,2022-02-04,2-4,3,3,0.0,18.0,1.22,0.0,0.0,19.22,5.11,24.33,0.67,25.0,,,,,,,
txn_2022_02_04_024,2022-02-04,2-4,4,4,0.0,16.0,1.08,0.0,0.0,17.08,10.32,27.4,0.6,28.0,,,,,,,
txn_2022_02_04_025,2022-02-04,2-4,5,5,0.0,18.95,1.28,0.0,0.0,20.23,0.0,20.23,0.71,20.94,,,,,,,
txn_2022_02_04_026,2022-02-04,2-4,6,6,0.0,18.95,1.28,0.0,0.0,20.23,5.0,25.23,0.71,25.94,,,,,,,
txn_2022_02_04_027,2022-02-04,2-4,7,7,0.0,18.95,1.28,0.0,0.0,20.23,8.0,28.23,0.71,28.94,,,,,,,
txn_2022_02_04_028,2022-02-04,2-4,8,8,20.0,0.0,0.0,0.0,0.0,20.0,0.0,20.0,0.7,20.7,,,,,,,
txn_2022_02_04_029,2022-02-04,2-4,9,9,0.0,53.0,3.58,0.0,0.0,56.58,8.0,64.58,1.98,66.56,,,,,,,
txn_2022_02_04_030,2022-02-04,2-4,10,10,60.5,0.0,0.0,0.0,0.0,60.5,1.0,61.5,2.12,63.62,,,,,,,
txn_2022_02_04_031,2022-02-04,2-4,11,11,0.0,121.5,8.2,0.0,0.0,129.7,30.0,159.7,4.54,164.23999999999998,,,,,,,
txn_2022_02_04_032,2022-02-04,2-4,12,12,24.0,0.0,0.0,0.0,0.0,24.0,4.0,28.0,0.84,28.84,,,,,,,
txn_2022_02_04_033,2022-02-04,2-4,13,13,0.0,87.95,5.94,0.0,0.0,93.89,0.0,93.89,3.29,97.18,,,,,,,
txn_2022_02_04_034,2022-02-04,2-4,14,14,121.0,0.0,0.0,0.0,0.0,121.0,10.0,131.0,4.24,135.24,,,,,,,
txn_2022_02_04_035,2022-02-04,2-4,15,15,14.0,0.0,0.0,0.0,0.0,14.0,0.0,14.0,0.49,14.49,,,,,,,
txn_2022_02_04_036,2022-02-04,2-4,16,16,30.75,0.0,0.0,0.0,0.0,30.75,0.0,30.75,1.08,31.83,,,,,,,
txn_2022_02_04_037,2022-02-04,2-4,17,17,0.0,116.3,7.85,23.26,0.0,147.41,0.0,147.41,5.16,152.57,,,,,,,
txn_2022_02_05_038,2022-02-05,2-5,1,1,0.0,43.95,2.97,0.0,0.0,46.92,0.0,46.92,1.64,48.56,,,,,,,
txn_2022_02_05_039,2022-02-05,2-5,2,2,0.0,52.45,3.54,0.0,0.0,55.99,20.0,75.99000000000001,1.96,77.95,,,,,,,
txn_2022_02_05_040,2022-02-05,2-5,3,3,0.0,71.4,4.82,0.0,0.0,76.22,0.0,76.22,2.67,78.89,,,,,,,
txn_2022_02_05_041,2022-02-05,2-5,4,4,0.0,122.15,8.25,0.0,0.0,130.4,0.0,130.4,4.56,134.96,,,,,,,
txn_2022_02_05_042,2022-02-05,2-5,5,5,103.5,0.0,0.0,0.0,0.0,103.5,0.0,103.5,3.62,107.12,,,,,,,
txn_2022_02_05_043,2022-02-05,2-5,6,6,35.75,0.0,0.0,0.0,0.0,35.75,3.0,38.75,1.25,40.0,,,,,,,
txn_2022_02_05_044,2022-02-05,2-5,7,7,0.0,75.4,5.09,0.0,0.0,80.49000000000001,12.0,92.49000000000001,2.82,95.31,,,,,,,
txn_2022_02_05_045,2022-02-05,2-5,8,8,0.0,94.4,6.37,0.0,0.0,100.77000000000001,20.0,120.77000000000001,3.53,124.30000000000001,,,,,,,
txn_2022_02_05_046,2022-02-05,2-5,9,9,0.0,73.75,4.98,0.0,0.0,78.73,8.51,87.24000000000001,2.76,90.00000000000001,,,,,,,
txn_2022_02_05_047,2022-02-05,2-5,10,10,0.0,166.85,11.26,0.0,0.0,178.10999999999999,0.0,178.10999999999999,6.23,184.33999999999997,,,,,,,
txn_2022_02_05_048,2022-02-05,2-5,11,11,0.0,142.65,9.63,0.0,0.0,152.28,10.0,162.28,5.33,167.61,,,,,,,
txn_2022_02_05_049,2022-02-05,2-5,12,12,0.0,153.2,10.34,0.0,0.0,163.54,25.0,188.54,5.72,194.26,,,,,,,
txn_2022_02_05_050,2022-02-05,2-5,13,13,0.0,113.95,7.69,22.79,0.0,144.43,5.0,149.43,5.06,154.49,,,,,,,
txn_2022_02_05_051,2022-02-05,2-5,14,14,0.0,70.9,4.79,0.0,0.0,75.69000000000001,15.0,90.69000000000001,2.65,93.34000000000002,,,,,,,
txn_2022_02_05_052,2022-02-05,2-5,15,15,0.0,88.0,5.94,0.0,0.0,93.94,20.0,113.94,3.29,117.23,,,,,,,
txn_2022_02_05_053,2022-02-05,2-5,16,16,0.0,70.25,4.74,0.0,0.0,74.99,15.0,89.99,2.62,92.61,,,,,,,
txn_2022_02_05_054,2022-02-05,2-5,17,17,0.0,59.7,4.03,0.0,0.0,63.730000000000004,12.0,75.73,2.23,77.96000000000001,,,,,,,
txn_2022_02_06_055,2022-02-06,2-6,1,1,80.5,0.0,0.0,0.0,0.0,80.5,10.0,90.5,2.82,93.32,,,,,,,
txn_2022_02_06_056,2022-02-06,2-6,2,2,0.0,34.0,2.3,0.0,0.0,36.3,0.0,36.3,1.27,37.57,,,,,,,
txn_2022_02_06_057,2022-02-06,2-6,3,3,27.25,0.0,0.0,0.0,0.0,27.25,0.0,27.25,0.95,28.2,,,,,,,
txn_2022_02_06_058,2022-02-06,2-6,4,4,0.0,104.95,7.08,20.99,0.0,133.02,0.0,133.02,4.66,137.68,,,,,,,
txn_2022_02_06_059,2022-02-06,2-6,5,5,0.0,47.0,3.17,0.0,0.0,50.17,7.5,57.67,1.76,59.43,,,,,,,
txn_2022_02_06_060,2022-02-06,2-6,6,6,22.0,0.0,0.0,0.0,0.0,22.0,0.0,22.0,0.77,22.77,,,,,,,
txn_2022_02_06_061,2022-02-06,2-6,7,7,0.0,72.85,4.92,0.0,0.0,77.77,10.0,87.77,2.72,90.49,,,,,,,
txn_2022_02_06_062,2022-02-06,2-6,8,8,11.0,0.0,0.0,0.0,0.0,11.0,0.0,11.0,0.39,11.39,,,,,,,
txn_2022_02_06_063,2022-02-06,2-6,9,9,35.0,0.0,0.0,0.0,0.0,35.0,0.0,35.0,1.23,36.23,,,,,,,
txn_2022_02_06_064,2022-02-06,2-6,10,10,0.0,103.0,6.95,0.0,0.0,109.95,25.0,134.95,3.85,138.79999999999998,,,,,,,
txn_2022_02_06_065,2022-02-06,2-6,11,11,0.0,47.95,3.24,0.0,0.0,51.190000000000005,10.0,61.190000000000005,1.79,62.980000000000004,,,,,,,
txn_2022_02_06_066,2022-02-06,2-6,12,12,59.5,0.0,0.0,0.0,0.0,59.5,0.0,59.5,2.08,61.58,,,,,,,
txn_2022_02_06_067,2022-02-06,2-6,13,13,0.0,63.9,4.31,0.0,0.0,68.21,14.4,82.61,2.39,85.0,,,,,,,
txn_2022_02_06_068,2022-02-06,2-6,14,14,9.0,0.0,0.0,0.0,0.0,9.0,1.0,10.0,0.32,10.32,,,,,,,
txn_2022_02_06_069,2022-02-06,2-6,15,15,0.0,147.85,9.98,29.57,0.0,187.39999999999998,0.0,187.39999999999998,6.56,193.95999999999998,,,,,,,
txn_2022_02_06_070,2022-02-06,2-6,16,16,0.0,157.15,10.61,31.43,0.0,199.19,30.0,229.19,6.97,236.16,,,,,,,
txn_2022_02_06_071,2022-02-06,2-6,17,17,128.0,0.0,0.0,0.0,0.0,128.0,0.0,128.0,4.48,132.48,,,,,,,
txn_2022_02_06_072,2022-02-06,2-6,18,18,0.0,56.4,3.81,0.0,0.0,60.21,0.0,60.21,2.11,62.32,,,,,,,
txn_2022_02_06_073,2022-02-06,2-6,19,19,0.0,87.25,5.89,0.0,0.0,93.14,12.0,105.14,3.26,108.4,,,,,,,
txn_2022_02_06_074,2022-02-06,2-6,20,20,0.0,63.25,4.27,0.0,0.0,67.52,0.0,67.52,2.36,69.88,,,,,,,
txn_2022_02_08_075,2022-02-08,2-8,1,1,0.0,12.5,0.84,0.0,0.0,13.34,3.0,16.34,0.47,16.81,,,,,,,
txn_2022_02_08_076,2022-02-08,2-8,2,2,0.0,13.5,0.91,0.0,0.0,14.41,3.0,17.41,0.5,17.91,,,,,,,
txn_2022_02_08_077,2022-02-08,2-8,3,3,0.0,12.5,0.84,0.0,0.0,13.34,5.0,18.34,0.47,18.81,,,,,,,
txn_2022_02_08_078,2022-02-08,2-8,4,4,0.0,58.7,3.96,0.0,0.0,62.660000000000004,7.0,69.66,2.19,71.85,,,,,,,
txn_2022_02_08_079,2022-02-08,2-8,5,5,0.0,67.45,4.55,0.0,0.0,72.0,0.0,72.0,2.52,74.52,,,,,,,
txn_2022_02_08_080,2022-02-08,2-8,6,6,31.0,0.0,0.0,0.0,0.0,31.0,2.0,33.0,1.09,34.09,,,,,,,
txn_2022_02_08_081,2022-02-08,2-8,7,7,50.75,0.0,0.0,0.0,0.0,50.75,0.0,50.75,1.78,52.53,,,,,,,
txn_2022_02_08_082,2022-02-08,2-8,8,8,49.5,0.0,0.0,0.0,0.0,49.5,0.0,49.5,1.73,51.23,,,,,,,
txn_2022_02_08_083,2022-02-08,2-8,9,9,0.0,142.15,9.6,28.43,0.0,180.18,0.0,180.18,6.31,186.49,,,,,,,
txn_2022_02_08_084,2022-02-08,2-8,10,10,0.0,104.95,7.08,0.0,0.0,112.03,10.0,122.03,3.92,125.95,,,,,,,
txn_2022_02_08_085,2022-02-08,2-8,11,11,0.0,66.4,4.48,0.0,0.0,70.88000000000001,15.0,85.88000000000001,2.48,88.36000000000001,,,,,,,
txn_2022_02_09_086,2022-02-09,2-9,1,1,17.0,0.0,0.0,0.0,0.0,17.0,0.0,17.0,0.6,17.6,,,,,,,
txn_2022_02_09_087,2022-02-09,2-9,2,2,0.0,51.95,3.51,0.0,0.0,55.46,12.0,67.46000000000001,1.94,69.4,,,,,,,
txn_2022_02_09_088,2022-02-09,2-9,3,3,0.0,42.95,2.9,0.0,-20.0,25.85,0.0,25.85,0.9,26.75,,,,,,,
txn_2022_02_09_089,2022-02-09,2-9,4,4,13.5,0.0,0.0,0.0,0.0,13.5,2.0,15.5,0.47,15.97,,,,,,,
txn_2022_02_09_090,2022-02-09,2-9,5,5,0.0,31.0,2.09,0.0,0.0,33.09,0.0,33.09,1.16,34.25,,,,,,,
txn_2022_02_09_091,2022-02-09,2-9,6,6,7.0,0.0,0.0,0.0,0.0,7.0,0.0,7.0,0.25,7.25,,,,,,,
txn_2022_02_09_092,2022-02-09,2-9,7,7,30.96,0.0,0.0,0.0,0.0,30.96,0.0,30.96,1.08,32.04,,,,,,,
txn_2022_02_09_093,2022-02-09,2-9,8,8,64.0,0.0,0.0,0.0,0.0,64.0,0.0,64.0,2.24,66.24,,,,,,,
txn_2022_02_09_094,2022-02-09,2-9,9,9,23.5,0.0,0.0,0.0,0.0,23.5,0.0,23.5,0.82,24.32,,,,,,,
txn_2022_02_09_095,2022-02-09,2-9,10,10,0.0,70.15,4.74,0.0,0.0,74.89,8.0,82.89,2.62,85.51,,,,,,,
txn_2022_02_09_096,2022-02-09,2-9,11,11,0.0,62.0,4.19,0.0,0.0,66.19,5.0,71.19,2.32,73.50999999999999,,,,,,,
txn_2022_02_10_097,2022-02-10,2-10,1,1,0.0,127.5,8.61,0.0,-10.0,126.11000000000001,0.0,126.11000000000001,4.41,130.52,,,,,,,
txn_2022_02_10_098,2022-02-10,2-10,2,2,0.0,37.9,2.56,0.0,0.0,40.46,8.0,48.46,1.42,49.88,,,,,,,
txn_2022_02_10_099,2022-02-10,2-10,3,3,0.0,69.5,4.69,0.0,0.0,74.19,0.0,74.19,2.6,76.78999999999999,,,,,,,
txn_2022_02_10_100,2022-02-10,2-10,4,4,0.0,48.4,3.27,0.0,0.0,51.67,0.0,51.67,1.81,53.480000000000004,,,,,,,
txn_2022_02_10_101,2022-02-10,2-10,5,5,0.0,87.35,5.9,0.0,0.0,93.25,0.0,93.25,3.26,96.51,,,,,,,
txn_2022_02_10_102,2022-02-10,2-10,6,6,26.0,0.0,0.0,0.0,0.0,26.0,6.0,32.0,0.91,32.91,,,,,,,
txn_2022_02_10_103,2022-02-10,2-10,7,7,36.0,0.0,0.0,0.0,0.0,36.0,0.0,36.0,1.26,37.26,,,,,,,
txn_2022_02_10_104,2022-02-10,2-10,8,8,23.0,0.0,0.0,0.0,0.0,23.0,0.0,23.0,0.81,23.81,,,,,,,
txn_2022_02_10_105,2022-02-10,2-10,9,9,75.0,0.0,0.0,0.0,0.0,75.0,5.0,80.0,2.63,82.63,,,,,,,
txn_2022_02_10_106,2022-02-10,2-10,10,10,69.5,0.0,0.0,0.0,0.0,69.5,0.0,69.5,2.43,71.93,,,,,,,
txn_2022_02_10_107,2022-02-10,2-10,11,11,75.5,0.0,0.0,0.0,0.0,75.5,5.0,80.5,2.64,83.14,,,,,,,
txn_2022_02_10_108,2022-02-10,2-10,12,12,70.0,0.0,0.0,0.0,0.0,70.0,10.0,80.0,2.45,82.45,,,,,,,
txn_2022_02_10_109,2022-02-10,2-10,13,13,0.0,58.0,3.92,11.6,0.0,73.52,0.0,73.52,2.57,76.08999999999999,,,,,,,
txn_2022_02_10_110,2022-02-10,2-10,14,14,29.15,0.0,0.0,0.0,0.0,29.15,0.0,29.15,1.02,30.169999999999998,,,,,,,
txn_2022_02_10_111,2022-02-10,2-10,15,15,0.0,56.4,3.81,11.28,0.0,71.49,0.0,71.49,2.5,73.99,,,,,,,
txn_2022_02_10_112,2022-02-10,2-10,16,16,0.0,53.4,3.6,10.68,0.0,67.68,0.0,67.68,2.37,70.05000000000001,,,,,,,
txn_2022_02_11_113,2022-02-11,2-11,1,1,21.5,0.0,0.0,0.0,0.0,21.5,0.0,21.5,0.75,22.25,,,,,,,
txn_2022_02_11_114,2022-02-11,2-11,2,2,0.0,34.5,2.33,0.0,0.0,36.83,5.0,41.83,1.29,43.12,,,,,,,
txn_2022_02_11_115,2022-02-11,2-11,3,3,50.0,0.0,0.0,0.0,0.0,50.0,0.0,50.0,1.75,51.75,,,,,,,
txn_2022_02_11_116,2022-02-11,2-11,4,4,0.0,25.0,1.69,0.0,0.0,26.69,0.0,26.69,0.93,27.62,,,,,,,
txn_2022_02_11_117,2022-02-11,2-11,5,5,0.0,26.95,1.82,0.0,0.0,28.77,0.0,28.77,1.01,29.78,,,,,,,
txn_2022_02_11_118,2022-02-11,2-11,6,6,0.0,40.2,2.71,0.0,0.0,42.910000000000004,8.0,50.910000000000004,1.5,52.410000000000004,,,,,,,
txn_2022_02_11_119,2022-02-11,2-11,7,7,0.0,16.0,1.08,0.0,0.0,17.08,0.0,17.08,0.6,17.68,,,,,,,
txn_2022_02_11_120,2022-02-11,2-11,8,8,0.0,18.95,1.28,0.0,0.0,20.23,5.0,25.23,0.71,25.94,,,,,,,
txn_2022_02_11_121,2022-02-11,2-11,9,9,0.0,20.95,1.41,0.0,0.0,22.36,7.0,29.36,0.78,30.14,,,,,,,
txn_2022_02_11_122,2022-02-11,2-11,10,10,0.0,16.0,1.08,0.0,0.0,17.08,5.0,22.08,0.6,22.68,,,,,,,
txn_2022_02_11_123,2022-02-11,2-11,11,11,0.0,72.95,4.92,14.59,0.0,92.46000000000001,0.0,92.46000000000001,3.24,95.7,,,,,,,
txn_2022_02_11_124,2022-02-11,2-11,12,12,0.0,28.45,1.92,5.69,0.0,36.059999999999995,0.0,36.059999999999995,1.26,37.31999999999999,,,,,,,
txn_2022_02_11_125,2022-02-11,2-11,13,13,0.0,27.95,1.89,5.0,0.0,34.84,0.0,34.84,1.22,36.06,,,,,,,
txn_2022_02_11_126,2022-02-11,2-11,14,14,0.0,76.35,5.15,0.0,0.0,81.5,16.0,97.5,2.85,100.35,,,,,,,
txn_2022_02_11_127,2022-02-11,2-11,15,15,0.0,73.25,4.94,0.0,0.0,78.19,16.0,94.19,2.74,96.92999999999999,,,,,,,
txn_2022_02_11_128,2022-02-11,2-11,16,16,0.0,60.9,4.11,0.0,0.0,65.01,14.0,79.01,2.28,81.29,,,,,,,
txn_2022_02_11_129,2022-02-11,2-11,17,17,0.0,100.45,6.78,0.0,0.0,107.23,0.0,107.23,3.75,110.98,,,,,,,
txn_2022_02_11_130,2022-02-11,2-11,18,18,66.0,0.0,0.0,0.0,0.0,66.0,12.0,78.0,2.31,80.31,,,,,,,
txn_2022_02_11_131,2022-02-11,2-11,19,19,0.0,112.6,7.6,0.0,0.0,120.19999999999999,24.0,144.2,4.21,148.41,,,,,,,
txn_2022_02_11_132,2022-02-11,2-11,20,20,0.0,72.0,4.86,0.0,0.0,76.86,20.0,96.86,2.69,99.55,,,,,,,
txn_2022_02_12_133,2022-02-12,2-12,1,1,33.0,0.0,0.0,0.0,0.0,33.0,4.0,37.0,1.16,38.16,,,,,,,
txn_2022_02_12_134,2022-02-12,2-12,2,2,0.0,44.0,2.97,8.8,0.0,55.769999999999996,0.0,55.769999999999996,1.95,57.72,,,,,,,
txn_2022_02_12_135,2022-02-12,2-12,3,3,0.0,65.5,4.42,13.6,0.0,83.52,10.0,93.52,2.92,96.44,,,,,,,
txn_2022_02_12_136,2022-02-12,2-12,4,4,0.0,12.5,0.84,2.5,0.0,15.84,5.0,20.84,0.55,21.39,,,,,,,
txn_2022_02_12_137,2022-02-12,2-12,5,5,0.0,31.5,2.13,6.3,0.0,39.93,0.0,39.93,1.4,41.33,,,,,,,
txn_2022_02_12_138,2022-02-12,2-12,6,6,1.5,56.45,3.81,0.0,0.0,61.760000000000005,10.0,71.76,2.16,73.92,,,,,,,
txn_2022_02_12_139,2022-02-12,2-12,7,7,46.5,0.0,0.0,0.0,0.0,46.5,2.87,49.37,1.63,51.0,,,,,,,
txn_2022_02_12_140,2022-02-12,2-12,8,8,16.0,0.0,0.0,0.0,0.0,16.0,0.0,16.0,0.56,16.56,,,,,,,
txn_2022_02_12_141,2022-02-12,2-12,9,9,57.75,0.0,0.0,0.0,0.0,57.75,10.0,67.75,2.02,69.77,,,,,,,
txn_2022_02_12_142,2022-02-12,2-12,10,10,0.0,44.15,2.98,0.0,0.0,47.129999999999995,10.0,57.129999999999995,1.65,58.779999999999994,,,,,,,
txn_2022_02_12_143,2022-02-12,2-12,11,11,0.0,50.0,3.38,0.0,0.0,53.38,20.0,73.38,1.87,75.25,,,,,,,
txn_2022_02_12_144,2022-02-12,2-12,12,12,0.0,60.65,4.09,0.0,0.0,64.74,12.99,77.72999999999999,2.27,79.99999999999999,,,,,,,
txn_2022_02_12_145,2022-02-12,2-12,13,13,4.5,0.0,0.0,0.0,0.0,4.5,0.0,4.5,0.16,4.66,,,,,,,
txn_2022_02_12_146,2022-02-12,2-12,14,14,61.25,0.0,0.0,0.0,0.0,61.25,2.0,63.25,2.14,65.39,,,,,,,
txn_2022_02_12_147,2022-02-12,2-12,15,15,1.5,101.95,6.88,0.0,0.0,110.33,25.0,135.32999999999998,3.86,139.19,,,,,,,
txn_2022_02_12_148,2022-02-12,2-12,16,16,0.0,126.15,8.52,24.23,0.0,158.9,0.0,158.9,5.56,164.46,,,,,,,
txn_2022_02_12_149,2022-02-12,2-12,17,17,53.0,0.0,0.0,0.0,0.0,53.0,0.0,53.0,1.86,54.86,,,,,,,
txn_2022_02_12_150,2022-02-12,2-12,18,18,0.0,82.0,5.54,16.4,0.0,103.94,0.0,103.94,3.64,107.58,,,,,,,
txn_2022_02_12_151,2022-02-12,2-12,19,19,0.0,187.85,12.68,37.57,0.0,238.1,0.0,238.1,8.33,246.43,,,,,,,
txn_2022_02_12_152,2022-02-12,2-12,20,20,0.0,94.8,6.4,18.16,0.0,119.36,20.0,139.36,4.18,143.54000000000002,,,,,,,
txn_2022_02_12_153,2022-02-12,2-12,21,21,0.0,111.4,7.52,22.28,0.0,141.2,0.0,141.2,4.94,146.14,,,,,,,
txn_2022_02_12_154,2022-02-12,2-12,22,22,0.0,32.5,2.19,6.5,0.0,41.19,0.0,41.19,1.44,42.629999999999995,,,,,,,
txn_2022_02_12_155,2022-02-12,2-12,23,23,0.0,155.6,10.5,31.12,0.0,197.22,0.0,197.22,6.9,204.12,,,,,,,
txn_2022_02_12_156,2022-02-12,2-12,24,24,0.0,136.35,9.2,27.27,0.0,172.82,1.13,173.95,6.05,180.0,,,,,,,
txn_2022_02_12_157,2022-02-12,2-12,25,25,0.0,163.0,11.0,32.6,0.0,206.6,0.0,206.6,7.23,213.82999999999998,,,,,,,
txn_2022_02_12_158,2022-02-12,2-12,26,26,0.0,72.0,4.86,14.4,0.0,91.26,30.0,121.26,3.19,124.45,,,,,,,
txn_2022_02_12_159,2022-02-12,2-12,27,27,0.0,93.0,6.28,18.6,0.0,117.88,24.0,141.88,4.13,146.01,,,,,,,
txn_2022_02_12_160,2022-02-12,2-12,28,28,0.0,90.9,6.14,18.18,0.0,115.22,23.0,138.22,4.03,142.25,,,,,,,
txn_2022_02_12_161,2022-02-12,2-12,29,29,0.0,105.35,7.11,21.07,0.0,133.53,0.0,133.53,4.67,138.2,,,,,,,
txn_2022_02_12_162,2022-02-12,2-12,30,30,0.0,109.35,7.38,21.87,0.0,138.6,6.0,144.6,4.85,149.45,,,,,,,
txn_2022_02_12_163,2022-02-12,2-12,31,31,0.0,218.4,14.74,43.68,0.0,276.82,50.0,326.82,9.69,336.51,,,,,,,
txn_2022_02_12_164,2022-02-12,2-12,32,32,0.0,87.62,5.92,0.0,0.0,93.54,20.19,113.73,3.27,117.0,,,,,,,
txn_2022_02_12_165,2022-02-12,2-12,33,33,0.0,87.62,5.92,0.0,0.0,93.54,20.19,113.73,3.27,117.0,,,,,,,
txn_2022_02_12_166,2022-02-12,2-12,34,34,0.0,97.5,6.58,19.5,0.0,123.58,0.0,123.58,4.33,127.91,,,,,,,
txn_2022_02_12_167,2022-02-12,2-12,35,35,0.0,95.7,6.46,19.14,0.0,121.3,10.45,131.75,4.25,136.0,,,,,,,
txn_2022_02_12_168,2022-02-12,2-12,36,36,0.0,106.75,7.21,21.35,0.0,135.31,15.0,150.31,4.74,155.05,,,,,,,
txn_2022_02_13_169,2022-02-13,2-13,1,1,58.0,0.0,0.0,0.0,0.0,58.0,0.0,58.0,2.03,60.03,,,,,,,
txn_2022_02_13_170,2022-02-13,2-13,2,2,0.0,38.4,2.59,0.0,0.0,40.989999999999995,9.0,49.989999999999995,1.43,51.419999999999995,,,,,,,
txn_2022_02_13_171,2022-02-13,2-13,3,3,22.0,0.0,0.0,0.0,0.0,22.0,7.0,29.0,0.77,29.77,,,,,,,
txn_2022_02_13_172,2022-02-13,2-13,4,4,0.0,30.2,2.04,6.04,0.0,38.28,0.0,38.28,1.34,39.620000000000005,,,,,,,
txn_2022_02_13_173,2022-02-13,2-13,5,5,0.0,31.45,2.12,6.29,0.0,39.86,0.0,39.86,1.4,41.26,,,,,,,
txn_2022_02_13_174,2022-02-13,2-13,6,6,0.0,42.4,2.84,8.48,0.0,53.72,0.0,53.72,1.88,55.6,,,,,,,
txn_2022_02_13_175,2022-02-13,2-13,7,7,0.0,23.45,1.58,4.69,0.0,29.720000000000002,0.0,29.720000000000002,1.04,30.76,,,,,,,
txn_2022_02_13_176,2022-02-13,2-13,8,8,0.0,40.75,2.75,8.15,0.0,51.65,0.0,51.65,1.81,53.46,,,,,,,
txn_2022_02_13_177,2022-02-13,2-13,9,9,0.0,30.2,2.04,6.04,0.0,38.28,0.0,38.28,1.34,39.620000000000005,,,,,,,
txn_2022_02_13_178,2022-02-13,2-13,10,10,0.0,32.0,2.16,6.4,0.0,40.559999999999995,10.0,50.559999999999995,1.42,51.98,,,,,,,
txn_2022_02_13_179,2022-02-13,2-13,11,11,24.0,0.0,0.0,0.0,0.0,24.0,0.0,24.0,0.84,24.84,,,,,,,
txn_2022_02_13_180,2022-02-13,2-13,12,12,0.0,62.85,4.24,12.57,0.0,79.66,0.0,79.66,2.79,82.45,,,,,,,
txn_2022_02_13_181,2022-02-13,2-13,13,13,0.0,44.0,2.97,8.8,0.0,55.769999999999996,0.0,55.769999999999996,1.95,57.72,,,,,,,
txn_2022_02_13_182,2022-02-13,2-13,14,14,82.0,0.0,0.0,0.0,0.0,82.0,0.0,82.0,2.87,84.87,,,,,,,
txn_2022_02_13_183,2022-02-13,2-13,15,15,0.0,75.85,5.12,15.17,0.0,96.14,10.0,106.14,3.36,109.5,,,,,,,
txn_2022_02_13_184,2022-02-13,2-13,16,16,0.0,70.9,4.79,14.18,0.0,89.87,0.0,89.87,3.15,93.02000000000001,,,,,,,
txn_2022_02_13_185,2022-02-13,2-13,17,17,0.0,82.4,5.56,0.0,0.0,87.96000000000001,20.0,107.96000000000001,3.08,111.04,,,,,,,
txn_2022_02_13_186,2022-02-13,2-13,18,18,55.0,0.0,0.0,0.0,0.0,55.0,5.0,60.0,1.93,61.93,,,,,,,
txn_2022_02_13_187,2022-02-13,2-13,19,19,0.0,75.4,5.09,15.04,0.0,95.53,10.0,105.53,3.34,108.87,,,,,,,
txn_2022_02_14_188,2022-02-14,2-14,1,1,0.0,32.0,2.16,0.0,0.0,34.16,0.0,34.16,1.2,35.36,,,,,,,
txn_2022_02_14_189,2022-02-14,2-14,2,2,0.0,49.45,3.34,0.0,0.0,52.790000000000006,0.0,52.790000000000006,1.85,54.64000000000001,,,,,,,
txn_2022_02_14_190,2022-02-14,2-14,3,3,28.0,0.0,0.0,0.0,0.0,28.0,0.0,28.0,0.98,28.98,,,,,,,
txn_2022_02_14_191,2022-02-14,2-14,4,4,35.5,0.0,0.0,0.0,0.0,35.5,0.0,35.5,1.24,36.74,,,,,,,
txn_2022_02_14_192,2022-02-14,2-14,5,5,0.0,45.45,3.07,0.0,0.0,48.52,0.0,48.52,1.7,50.220000000000006,,,,,,,
txn_2022_02_14_193,2022-02-14,2-14,6,6,35.0,0.0,0.0,0.0,0.0,35.0,0.0,35.0,1.23,36.23,,,,,,,
txn_2022_02_14_194,2022-02-14,2-14,7,7,0.0,62.4,4.21,0.0,0.0,66.61,0.0,66.61,2.33,68.94,,,,,,,
txn_2022_02_14_195,2022-02-14,2-14,8,8,0.0,91.4,6.17,18.28,0.0,115.85000000000001,0.0,115.85000000000001,4.05,119.9,,,,,,,
txn_2022_02_14_196,2022-02-14,2-14,9,9,0.0,72.7,4.91,0.0,0.0,77.61,10.0,87.61,2.72,90.33,,,,,,,
txn_2022_02_14_197,2022-02-14,2-14,10,10,54.0,0.0,0.0,0.0,0.0,54.0,0.0,54.0,1.89,55.89,,,,,,,
txn_2022_02_14_198,2022-02-14,2-14,11,11,0.0,83.5,5.64,0.0,0.0,89.14,25.0,114.14,3.12,117.26,,,,,,,
txn_2022_02_14_199,2022-02-14,2-14,12,12,0.0,86.25,5.82,0.0,0.0,92.07,0.0,92.07,3.22,95.28999999999999,,,,,,,
txn_2022_02_14_200,2022-02-14,2-14,13,13,0.0,79.25,5.35,0.0,0.0,84.6,17.0,101.6,2.96,104.55999999999999,,,,,,,
txn_2022_02_14_201,2022-02-14,2-14,14,14,0.0,72.5,4.89,0.0,0.0,77.39,10.0,87.39,2.71,90.1,,,,,,,
txn_2022_02_14_202,2022-02-14,2-14,15,15,0.0,123.45,8.33,0.0,0.0,131.78,27.61,159.39,4.61,164.0,,,,,,,
txn_2022_02_14_203,2022-02-14,2-14,16,16,55.0,0.0,0.0,0.0,0.0,55.0,3.07,58.07,1.93,60.0,,,,,,,
txn_2022_02_14_204,2022-02-14,2-14,17,17,0.0,101.7,6.86,0.0,0.0,108.56,0.0,108.56,3.8,112.36,,,,,,,
txn_2022_02_14_205,2022-02-14,2-14,18,18,87.0,0.0,0.0,0.0,0.0,87.0,0.0,87.0,3.05,90.05,,,,,,,
txn_2022_02_14_206,2022-02-14,2-14,19,19,0.0,76.5,5.16,0.0,0.0,81.66,7.0,88.66,2.86,91.52,,,,,,,
txn_2022_02_14_207,2022-02-14,2-14,20,20,35.5,0.0,0.0,0.0,0.0,35.5,0.0,35.5,1.24,36.74,,,,,,,
txn_2022_02_14_208,2022-02-14,2-14,21,21,0.0,56.9,3.84,0.0,0.0,60.739999999999995,5.0,65.74,2.13,67.86999999999999,,,,,,,
txn_2022_02_14_209,2022-02-14,2-14,22,22,0.0,54.45,3.68,0.0,0.0,58.13,5.0,63.13,2.03,65.16,,,,,,,
txn_2022_02_14_210,2022-02-14,2-14,23,23,0.0,47.5,3.21,0.0,0.0,50.71,5.0,55.71,1.77,57.480000000000004,,,,,,,
txn_2022_02_15_211,2022-02-15,2-15,1,1,16.0,0.0,0.0,0.0,0.0,16.0,0.0,16.0,0.5,16.5,,,,,,,
txn_2022_02_15_212,2022-02-15,2-15,2,2,52.0,0.0,0.0,0.0,0.0,52.0,8.0,60.0,1.82,61.82,,,,,,,
txn_2022_02_15_213,2022-02-15,2-15,3,3,24.5,0.0,0.0,0.0,0.0,24.5,0.0,24.5,0.86,25.36,,,,,,,
txn_2022_02_15_214,2022-02-15,2-15,4,4,103.75,0.0,0.0,0.0,0.0,103.75,20.0,123.75,3.63,127.38,,,,,,,
txn_2022_02_15_215,2022-02-15,2-15,5,5,66.5,0.0,0.0,0.0,0.0,66.5,0.0,66.5,2.33,68.83,,,,,,,
txn_2022_02_15_216,2022-02-15,2-15,6,6,0.0,137.6,9.29,0.0,0.0,146.89,0.0,146.89,5.14,152.02999999999997,,,,,,,
txn_2022_02_15_217,2022-02-15,2-15,7,7,0.0,113.6,7.67,0.0,0.0,121.27,0.0,121.27,4.24,125.50999999999999,,,,,,,
txn_2022_02_15_218,2022-02-15,2-15,8,8,0.0,76.95,5.19,0.0,0.0,82.14,20.0,102.14,2.87,105.01,,,,,,,
txn_2022_02_15_219,2022-02-15,2-15,9,9,25.0,0.0,0.0,0.0,0.0,25.0,0.0,25.0,0.88,25.88,,,,,,,
txn_2022_02_15_220,2022-02-15,2-15,10,10,0.0,40.95,2.76,0.0,0.0,43.71,0.0,43.71,1.53,45.24,,,,,,,
txn_2022_02_15_221,2022-02-15,2-15,11,11,0.0,68.9,4.65,0.0,0.0,73.55000000000001,20.0,93.55000000000001,2.57,96.12,,,,,,,
txn_2022_02_15_222,2022-02-15,2-15,12,12,0.0,79.0,5.33,0.0,0.0,84.33,0.0,84.33,2.95,87.28,,,,,,,
txn_2022_02_16_223,2022-02-16,2-16,1,1,0.0,158.98,10.73,31.8,0.0,201.51,0.0,201.51,7.05,208.56,,,,,,,
txn_2022_02_16_224,2022-02-16,2-16,2,2,7.0,0.0,0.0,0.0,0.0,7.0,2.75,9.75,0.25,10.0,,,,,,,
txn_2022_02_16_225,2022-02-16,2-16,3,3,0.0,34.95,2.36,0.0,0.0,37.31,10.0,47.31,1.31,48.620000000000005,,,,,,,
txn_2022_02_16_226,2022-02-16,2-16,4,4,0.0,40.65,2.74,0.0,0.0,43.39,8.0,51.39,1.52,52.910000000000004,,,,,,,
txn_2022_02_16_227,2022-02-16,2-16,5,5,48.0,0.0,0.0,0.0,0.0,48.0,0.0,48.0,1.68,49.68,,,,,,,
txn_2022_02_16_228,2022-02-16,2-16,6,6,34.5,0.0,0.0,0.0,0.0,34.5,1.0,35.5,1.21,36.71,,,,,,,
txn_2022_02_16_229,2022-02-16,2-16,7,7,0.0,109.5,7.39,21.9,0.0,138.79,0.0,138.79,4.86,143.65,,,,,,,
txn_2022_02_16_230,2022-02-16,2-16,8,8,0.0,51.45,3.47,0.0,0.0,54.92,10.0,64.92,1.92,66.84,,,,,,,
txn_2022_02_16_231,2022-02-16,2-16,9,9,0.0,40.95,2.76,0.0,0.0,43.71,0.0,43.71,1.53,45.24,,,,,,,
txn_2022_02_16_232,2022-02-16,2-16,10,10,0.0,47.5,3.21,0.0,0.0,50.71,9.44,60.15,1.77,61.92,,,,,,,
txn_2022_02_17_233,2022-02-17,2-17,1,1,0.0,20.95,1.41,0.0,0.0,22.36,6.86,29.22,0.78,30.0,,,,,,,
txn_2022_02_17_234,2022-02-17,2-17,2,2,0.0,16.0,1.08,0.0,0.0,17.08,5.0,22.08,0.6,22.68,,,,,,,
txn_2022_02_17_235,2022-02-17,2-17,3,3,0.0,18.95,1.28,0.0,0.0,20.23,4.06,24.29,0.71,25.0,,,,,,,
txn_2022_02_17_236,2022-02-17,2-17,4,4,27.0,0.0,0.0,0.0,0.0,27.0,0.0,27.0,0.95,27.95,,,,,,,
txn_2022_02_17_237,2022-02-17,2-17,5,5,0.0,49.9,3.37,0.0,0.0,53.269999999999996,10.0,63.269999999999996,1.86,65.13,,,,,,,
txn_2022_02_17_238,2022-02-17,2-17,6,6,0.0,92.5,6.24,18.5,0.0,117.24,0.0,117.24,4.1,121.33999999999999,,,,,,,
txn_2022_02_17_239,2022-02-17,2-17,7,7,0.0,86.9,5.87,0.0,0.0,92.77000000000001,20.0,112.77000000000001,3.25,116.02000000000001,,,,,,,
txn_2022_02_17_240,2022-02-17,2-17,8,8,46.0,0.0,0.0,0.0,0.0,46.0,0.0,46.0,1.61,47.61,,,,,,,
txn_2022_02_17_241,2022-02-17,2-17,9,9,0.0,100.7,6.8,0.0,0.0,107.5,0.0,107.5,3.76,111.26,,,,,,,
txn_2022_02_17_242,2022-02-17,2-17,10,10,45.0,0.0,0.0,0.0,0.0,45.0,0.0,45.0,1.58,46.58,,,,,,,
txn_2022_02_17_243,2022-02-17,2-17,11,11,0.0,152.0,10.26,0.0,0.0,162.26,40.0,202.26,5.68,207.94,,,,,,,
txn_2022_02_17_244,2022-02-17,2-17,12,12,0.0,81.45,5.5,0.0,0.0,86.95,0.0,86.95,3.04,89.99000000000001,,,,,,,
txn_2022_02_17_245,2022-02-17,2-17,13,13,40.5,0.0,0.0,0.0,0.0,40.5,0.0,40.5,1.42,41.92,,,,,,,
txn_2022_02_17_246,2022-02-17,2-17,14,14,74.25,0.0,0.0,0.0,0.0,74.25,4.0,78.25,2.6,80.85,,,,,,,
txn_2022_02_18_247,2022-02-18,2-18,1,1,33.5,0.0,0.0,0.0,0.0,33.5,0.0,33.5,1.17,34.67,,,,,,,
txn_2022_02_18_248,2022-02-18,2-18,2,2,0.0,13.5,0.91,0.0,0.0,14.41,3.0,17.41,0.5,17.91,,,,,,,
txn_2022_02_18_249,2022-02-18,2-18,3,3,0.0,18.95,1.28,0.0,0.0,20.23,3.0,23.23,0.71,23.94,,,,,,,
txn_2022_02_18_250,2022-02-18,2-18,4,4,0.0,37.5,2.53,0.0,0.0,40.03,10.0,50.03,1.4,51.43,,,,,,,
txn_2022_02_18_251,2022-02-18,2-18,5,5,0.0,30.9,2.09,0.0,0.0,32.989999999999995,7.0,39.989999999999995,1.15,41.13999999999999,,,,,,,
txn_2022_02_18_252,2022-02-18,2-18,6,6,0.0,16.0,1.08,0.0,0.0,17.08,0.0,17.08,0.6,17.68,,,,,,,
txn_2022_02_18_253,2022-02-18,2-18,7,7,91.0,0.0,0.0,0.0,0.0,91.0,0.0,91.0,3.19,94.19,,,,,,,
txn_2022_02_18_254,2022-02-18,2-18,8,8,38.0,0.0,0.0,0.0,0.0,38.0,2.0,40.0,1.33,41.33,,,,,,,
txn_2022_02_18_255,2022-02-18,2-18,9,9,0.0,55.5,3.75,0.0,0.0,59.25,0.0,59.25,2.07,61.32,,,,,,,
txn_2022_02_18_256,2022-02-18,2-18,10,10,27.5,0.0,0.0,0.0,0.0,27.5,0.0,27.5,0.96,28.46,,,,,,,
txn_2022_02_18_257,2022-02-18,2-18,11,11,0.0,52.5,3.54,0.0,0.0,56.04,12.0,68.03999999999999,1.96,69.99999999999999,,,,,,,
txn_2022_02_18_258,2022-02-18,2-18,12,12,59.5,0.0,0.0,0.0,0.0,59.5,0.0,59.5,2.08,61.58,,,,,,,
txn_2022_02_18_259,2022-02-18,2-18,13,13,0.0,156.5,10.56,31.3,0.0,198.36,0.0,198.36,6.94,205.3,,,,,,,
txn_2022_02_18_260,2022-02-18,2-18,14,14,0.0,86.95,5.87,0.0,0.0,92.82000000000001,20.0,112.82000000000001,3.25,116.07000000000001,,,,,,,
txn_2022_02_18_261,2022-02-18,2-18,15,15,0.0,169.15,11.42,33.86,0.0,214.43,45.0,259.43,7.51,266.94,,,,,,,
txn_2022_02_18_262,2022-02-18,2-18,16,16,0.0,32.95,2.22,0.0,0.0,35.17,0.0,35.17,1.23,36.4,,,,,,,
txn_2022_02_18_263,2022-02-18,2-18,17,17,0.0,26.2,1.77,0.0,0.0,27.97,6.0,33.97,0.98,34.949999999999996,,,,,,,
txn_2022_02_18_264,2022-02-18,2-18,18,18,0.0,57.4,3.87,0.0,0.0,61.269999999999996,13.0,74.27,2.14,76.41,,,,,,,
txn_2022_02_18_265,2022-02-18,2-18,19,19,0.0,177.6,11.99,0.0,0.0,189.59,40.77,230.36,6.64,237.0,,,,,,,
txn_2022_02_18_266,2022-02-18,2-18,20,20,0.0,100.0,6.75,0.0,0.0,106.75,25.0,131.75,3.74,135.49,,,,,,,
txn_2022_02_18_267,2022-02-18,2-18,21,21,0.0,132.25,8.93,0.0,0.0,141.18,30.0,171.18,4.94,176.12,,,,,,,
txn_2022_02_18_268,2022-02-18,2-18,22,22,0.0,92.95,6.27,0.0,0.0,99.22,15.0,114.22,3.47,117.69,,,,,,,
txn_2022_02_19_269,2022-02-19,2-19,1,1,0.0,62.3,4.21,0.0,0.0,66.50999999999999,9.0,75.50999999999999,2.33,77.83999999999999,,,,,,,
txn_2022_02_19_270,2022-02-19,2-19,2,2,0.0,43.95,2.97,0.0,0.0,46.92,10.0,56.92,1.64,58.56,,,,,,,
txn_2022_02_19_271,2022-02-19,2-19,3,3,0.0,35.9,2.42,0.0,0.0,38.32,8.0,46.32,1.34,47.660000000000004,,,,,,,
txn_2022_02_19_272,2022-02-19,2-19,4,4,0.0,18.0,1.22,0.0,0.0,19.22,1.0,20.22,0.67,20.89,,,,,,,
txn_2022_02_19_273,2022-02-19,2-19,5,5,0.0,45.25,3.05,0.0,0.0,48.3,0.0,48.3,1.69,49.989999999999995,,,,,,,
txn_2022_02_19_274,2022-02-19,2-19,6,6,0.0,94.9,6.41,0.0,0.0,101.31,10.0,111.31,3.55,114.86,,,,,,,
txn_2022_02_19_275,2022-02-19,2-19,7,7,0.0,92.9,6.27,0.0,0.0,99.17,12.36,111.53,3.47,115.0,,,,,,,
txn_2022_02_19_276,2022-02-19,2-19,8,8,0.0,84.4,5.7,0.0,0.0,90.10000000000001,20.0,110.10000000000001,3.15,113.25000000000001,,,,,,,
txn_2022_02_19_277,2022-02-19,2-19,9,9,0.0,92.45,6.24,0.0,0.0,98.69,20.0,118.69,3.45,122.14,,,,,,,
txn_2022_02_19_278,2022-02-19,2-19,10,10,0.0,78.75,5.32,0.0,0.0,84.07,17.0,101.07,2.94,104.00999999999999,,,,,,,
txn_2022_02_19_279,2022-02-19,2-19,11,11,0.0,68.5,4.62,0.0,0.0,73.12,15.0,88.12,2.56,90.68,,,,,,,
txn_2022_02_19_280,2022-02-19,2-19,12,12,0.0,65.15,4.4,0.0,0.0,69.55000000000001,0.0,69.55000000000001,2.43,71.98000000000002,,,,,,,
txn_2022_02_19_281,2022-02-19,2-19,13,13,0.0,66.45,4.49,0.0,0.0,70.94,0.0,70.94,2.48,73.42,,,,,,,
txn_2022_02_19_282,2022-02-19,2-19,14,14,0.0,34.5,2.33,0.0,0.0,36.83,10.0,46.83,1.29,48.12,,,,,,,
txn_2022_02_19_283,2022-02-19,2-19,15,15,0.0,23.0,1.55,0.0,0.0,24.55,5.0,29.55,0.86,30.41,,,,,,,
txn_2022_02_19_284,2022-02-19,2-19,16,16,0.0,144.4,9.75,0.0,0.0,154.15,30.45,184.6,5.4,190.0,,,,,,,
txn_2022_02_19_285,2022-02-19,2-19,17,17,0.0,4.5,0.3,0.0,0.0,4.8,2.0,6.8,0.17,6.97,,,,,,,
txn_2022_02_19_286,2022-02-19,2-19,18,18,58.5,0.0,0.0,0.0,0.0,58.5,8.0,66.5,2.05,68.55,,,,,,,
txn_2022_02_19_287,2022-02-19,2-19,19,19,0.0,72.25,4.88,0.0,0.0,77.13,0.0,77.13,2.7,79.83,,,,,,,
txn_2022_02_19_288,2022-02-19,2-19,20,20,0.0,56.5,3.81,0.0,0.0,60.31,5.0,65.31,2.11,67.42,,,,,,,
txn_2022_02_19_289,2022-02-19,2-19,21,21,0.0,196.5,13.26,0.0,0.0,209.76,45.0,254.76,0.34,255.1,,,,,,,
txn_2022_02_19_290,2022-02-19,2-19,22,22,0.0,71.95,4.86,0.0,0.0,76.81,10.0,86.81,2.69,89.5,,,,,,,
txn_2022_02_19_291,2022-02-19,2-19,23,23,0.0,40.5,2.73,0.0,-0.9,42.33,10.0,52.33,1.48,53.809999999999995,,,,,,,
txn_2022_02_19_292,2022-02-19,2-19,24,24,0.0,78.0,5.27,0.0,0.0,83.27,17.82,101.09,2.91,104.0,,,,,,,
txn_2022_02_19_293,2022-02-19,2-19,25,25,0.0,63.9,4.31,0.0,0.0,68.21,14.4,82.61,2.39,85.0,,,,,,,
txn_2022_02_19_294,2022-02-19,2-19,26,26,0.0,68.9,4.65,0.0,0.0,73.55000000000001,7.61,81.16000000000001,2.57,83.73,,,,,,,
txn_2022_02_19_295,2022-02-19,2-19,27,27,0.0,46.5,3.14,0.0,0.0,49.64,10.0,59.64,1.74,61.38,,,,,,,
txn_2022_02_19_296,2022-02-19,2-19,28,28,0.0,27.5,1.86,0.0,0.0,29.36,6.61,35.97,1.03,37.0,,,,,,,
txn_2022_02_19_297,2022-02-19,2-19,29,29,0.0,59.25,4.0,0.0,0.0,63.25,15.0,78.25,2.21,80.46,,,,,,,
txn_2022_02_19_298,2022-02-19,2-19,30,30,0.0,196.45,13.26,39.29,0.0,248.99999999999997,0.0,248.99999999999997,8.72,257.71999999999997,,,,,,,
txn_2022_02_22_299,2022-02-22,2-22,1,1,28.75,0.0,0.0,0.0,0.0,28.75,0.0,28.75,1.01,29.76,,,,,,,
txn_2022_02_22_300,2022-02-22,2-22,2,2,14.0,0.0,0.0,0.0,0.0,14.0,3.0,17.0,0.49,17.49,,,,,,,
txn_2022_02_22_301,2022-02-22,2-22,3,3,29.5,0.0,0.0,0.0,0.0,29.5,0.0,29.5,1.03,30.53,,,,,,,
txn_2022_02_22_302,2022-02-22,2-22,4,4,45.0,0.0,0.0,0.0,0.0,45.0,0.0,45.0,1.58,46.58,,,,,,,
txn_2022_02_22_303,2022-02-22,2-22,5,5,0.0,104.95,7.08,0.0,0.0,112.03,25.0,137.03,3.92,140.95,,,,,,,
txn_2022_02_22_304,2022-02-22,2-22,6,6,0.0,56.0,3.78,0.0,0.0,59.78,10.0,69.78,2.09,71.87,,,,,,,
txn_2022_02_22_305,2022-02-22,2-22,7,7,66.0,0.0,0.0,0.0,0.0,66.0,0.0,66.0,2.31,68.31,,,,,,,
txn_2022_02_22_306,2022-02-22,2-22,8,8,0.0,72.15,4.87,0.0,0.0,77.02000000000001,5.0,82.02000000000001,2.7,84.72000000000001,,,,,,,
txn_2022_02_23_307,2022-02-23,2-23,1,1,0.0,198.75,13.42,39.75,-10.0,241.92,0.0,241.92,8.47,250.39,,,,,,,
txn_2022_02_23_308,2022-02-23,2-23,2,2,24.5,0.0,0.0,0.0,0.0,24.5,0.0,24.5,0.86,25.36,,,,,,,
txn_2022_02_23_309,2022-02-23,2-23,3,3,0.0,34.0,2.3,0.0,0.0,36.3,0.0,36.3,1.27,37.57,,,,,,,
txn_2022_02_23_310,2022-02-23,2-23,4,4,0.0,44.5,3.0,0.0,0.0,47.5,8.0,55.5,1.66,57.16,,,,,,,
txn_2022_02_23_311,2022-02-23,2-23,5,5,70.0,0.0,0.0,0.0,0.0,70.0,10.0,80.0,2.45,82.45,,,,,,,
txn_2022_02_23_312,2022-02-23,2-23,6,6,60.5,0.0,0.0,0.0,0.0,60.5,0.0,60.5,2.12,62.62,,,,,,,
txn_2022_02_23_313,2022-02-23,2-23,7,7,0.0,77.0,5.2,0.0,0.0,82.2,15.0,97.2,2.88,100.08,,,,,,,
txn_2022_02_23_314,2022-02-23,2-23,8,8,64.0,0.0,0.0,0.0,0.0,64.0,3.0,67.0,2.24,69.24,,,,,,,
txn_2022_02_23_315,2022-02-23,2-23,9,9,0.0,69.5,4.69,0.0,0.0,74.19,20.0,94.19,2.6,96.78999999999999,,,,,,,
txn_2022_02_23_316,2022-02-23,2-23,10,10,28.0,0.0,0.0,0.0,0.0,28.0,0.0,28.0,0.98,28.98,,,,,,,
txn_2022_02_24_317,2022-02-24,2-24,1,1,38.0,0.0,0.0,0.0,0.0,38.0,2.0,40.0,1.33,41.33,,,,,,,
txn_2022_02_24_318,2022-02-24,2-24,2,2,0.0,36.5,2.46,0.0,0.0,38.96,10.0,48.96,1.36,50.32,,,,,,,
txn_2022_02_24_319,2022-02-24,2-24,3,3,79.0,0.0,0.0,0.0,0.0,79.0,0.0,79.0,2.77,81.77,,,,,,,
txn_2022_02_24_320,2022-02-24,2-24,4,4,28.0,0.0,0.0,0.0,0.0,28.0,0.0,28.0,0.98,28.98,,,,,,,
txn_2022_02_24_321,2022-02-24,2-24,5,5,0.0,67.4,4.55,0.0,0.0,71.95,11.0,82.95,2.52,85.47,,,,,,,
txn_2022_02_24_322,2022-02-24,2-24,6,6,0.0,46.0,3.11,0.0,0.0,49.11,0.0,49.11,1.72,50.83,,,,,,,
txn_2022_02_24_323,2022-02-24,2-24,7,7,0.0,152.5,10.29,0.0,0.0,162.79,24.0,186.79,5.7,192.48999999999998,,,,,,,
txn_2022_02_24_324,2022-02-24,2-24,8,8,0.0,308.75,20.84,61.75,0.0,391.34,0.0,391.34,13.7,405.03999999999996,,,,,,,
txn_2022_02_24_325,2022-02-24,2-24,9,9,0.0,108.9,7.35,0.0,0.0,116.25,30.0,146.25,4.07,150.32,,,,,,,
txn_2022_02_24_326,2022-02-24,2-24,10,10,0.0,166.2,11.22,33.24,0.0,210.66,0.0,210.66,7.37,218.03,,,,,,,
txn_2022_02_24_327,2022-02-24,2-24,11,11,0.0,12.75,0.86,2.55,0.0,16.16,0.0,16.16,0.57,16.73,,,,,,,
txn_2022_02_24_328,2022-02-24,2-24,12,12,0.0,133.9,9.04,26.78,0.0,169.72,0.0,169.72,5.94,175.66,,,,,,,
txn_2022_02_25_329,2022-02-25,2-25,1,1,25.0,0.0,0.0,0.0,0.0,25.0,0.0,25.0,0.88,25.88,,,,,,,
txn_2022_02_25_330,2022-02-25,2-25,2,2,13.5,0.0,0.0,0.0,0.0,13.5,0.0,13.5,0.47,13.97,,,,,,,
txn_2022_02_25_331,2022-02-25,2-25,3,3,0.0,31.5,2.13,0.0,0.0,33.63,0.0,33.63,1.18,34.81,,,,,,,
txn_2022_02_25_332,2022-02-25,2-25,4,4,39.0,0.0,0.0,0.0,0.0,39.0,0.0,39.0,1.37,40.37,,,,,,,
txn_2022_02_25_333,2022-02-25,2-25,5,5,16.0,0.0,0.0,0.0,0.0,16.0,0.0,16.0,0.56,16.56,,,,,,,
txn_2022_02_25_334,2022-02-25,2-25,6,6,18.0,0.0,0.0,0.0,0.0,18.0,0.0,18.0,0.63,18.63,,,,,,,
txn_2022_02_25_335,2022-02-25,2-25,7,7,16.0,0.0,0.0,0.0,0.0,16.0,0.0,16.0,0.56,16.56,,,,,,,
txn_2022_02_25_336,2022-02-25,2-25,8,8,0.0,25.0,1.69,0.0,0.0,26.69,0.0,26.69,0.93,27.62,,,,,,,
txn_2022_02_25_337,2022-02-25,2-25,9,9,0.0,12.5,0.84,0.0,0.0,13.34,4.0,17.34,0.47,17.81,,,,,,,
txn_2022_02_25_338,2022-02-25,2-25,10,10,0.0,22.7,1.53,0.0,0.0,24.23,5.0,29.23,0.85,30.080000000000002,,,,,,,
txn_2022_02_25_339,2022-02-25,2-25,11,11,16.0,0.0,0.0,0.0,0.0,16.0,3.0,19.0,0.56,19.56,,,,,,,
txn_2022_02_25_340,2022-02-25,2-25,12,12,17.5,0.0,0.0,0.0,0.0,17.5,0.0,17.5,0.61,18.11,,,,,,,
txn_2022_02_25_341,2022-02-25,2-25,13,13,66.0,0.0,0.0,0.0,0.0,66.0,0.0,66.0,2.31,68.31,,,,,,,
txn_2022_02_25_342,2022-02-25,2-25,14,14,0.0,35.95,2.43,7.19,0.0,45.57,0.0,45.57,1.59,47.160000000000004,,,,,,,
txn_2022_02_25_343,2022-02-25,2-25,15,15,0.0,30.0,2.03,6.0,0.0,38.03,0.0,38.03,1.33,39.36,,,,,,,
txn_2022_02_25_344,2022-02-25,2-25,16,16,0.0,28.5,1.92,5.7,0.0,36.120000000000005,0.0,36.120000000000005,1.26,37.38,,,,,,,
txn_2022_02_25_345,2022-02-25,2-25,17,17,0.0,30.0,2.03,6.0,0.0,38.03,0.0,38.03,1.33,39.36,,,,,,,
txn_2022_02_25_346,2022-02-25,2-25,18,18,33.0,0.0,0.0,0.0,0.0,33.0,5.0,38.0,1.16,39.16,,,,,,,
txn_2022_02_25_347,2022-02-25,2-25,19,19,0.0,63.4,4.28,0.0,0.0,67.67999999999999,0.0,67.67999999999999,2.37,70.05,,,,,,,
txn_2022_02_25_348,2022-02-25,2-25,20,20,34.0,0.0,0.0,0.0,0.0,34.0,0.0,34.0,1.19,35.19,,,,,,,
txn_2022_02_25_349,2022-02-25,2-25,21,21,0.0,131.3,8.86,26.26,0.0,166.42000000000002,0.0,166.42000000000002,5.82,172.24,,,,,,,
txn_2022_02_25_350,2022-02-25,2-25,22,22,0.0,53.75,3.63,0.0,0.0,57.38,11.0,68.38,2.01,70.39,,,,,,,
txn_2022_02_25_351,2022-02-25,2-25,23,23,0.0,48.0,3.24,0.0,0.0,51.24,0.0,51.24,1.79,53.03,,,,,,,
txn_2022_02_25_352,2022-02-25,2-25,24,24,0.0,38.5,2.6,0.0,0.0,41.1,10.0,51.1,1.44,52.54,,,,,,,
txn_2022_02_25_353,2022-02-25,2-25,25,25,0.0,31.45,2.12,0.0,0.0,33.57,15.0,48.57,1.17,49.74,,,,,,,
txn_2022_02_25_354,2022-02-25,2-25,26,26,66.0,0.0,0.0,0.0,0.0,66.0,5.0,71.0,2.31,73.31,,,,,,,
txn_2022_02_26_355,2022-02-26,2-26,1,1,0.0,45.9,3.1,0.0,0.0,49.0,10.0,59.0,1.72,60.72,0.0,0.0,0.0,0.0,0.0,0.0,0.0
txn_2022_02_26_356,2022-02-26,2-26,2,2,0.0,87.5,5.91,17.5,0.0,110.91,0.0,110.91,3.88,114.78999999999999,0.0,0.0,0.0,0.0,0.0,0.0,0.0
txn_2022_02_26_357,2022-02-26,2-26,3,3,0.0,40.45,2.73,0.0,0.0,43.18,10.31,53.49,1.51,55.0,0.0,0.0,0.0,0.0,0.0,0.0,0.0
txn_2022_02_26_358,2022-02-26,2-26,4,4,50.0,0.0,0.0,0.0,0.0,50.0,0.0,50.0,1.75,51.75,0.0,0.0,0.0,0.0,48.9,0.0,74.85
txn_2022_02_26_359,2022-02-26,2-26,5,5,4.5,87.4,5.9,17.48,0.0,115.28000000000002,0.0,115.28000000000002,4.03,119.31000000000002,0.0,0.0,0.0,0.0,3.3007500000000003,0.0,7.0
txn_2022_02_26_360,2022-02-26,2-26,6,6,0.0,72.35,4.88,14.47,0.0,91.69999999999999,20.0,111.69999999999999,3.21,114.90999999999998,0.0,0.0,0.0,0.0,52.20075,0.0,0.0
txn_2022_02_26_361,2022-02-26,2-26,7,7,0.0,133.0,8.98,26.6,0.0,168.57999999999998,36.0,204.57999999999998,5.9,210.48,0.0,0.0,0.0,0.0,0.0,0.0,0.0
txn_2022_02_26_362,2022-02-26,2-26,8,8,0.0,59.0,3.98,11.8,0.0,74.78,0.0,74.78,2.62,77.4,0.0,0.0,0.0,0.0,0.0,0.0,0.0
txn_2022_02_26_363,2022-02-26,2-26,9,9,0.0,117.2,7.91,23.44,0.0,148.55,0.0,148.55,5.2,153.75,0.0,0.0,0.0,0.0,0.0,0.0,81.85
txn_2022_02_26_364,2022-02-26,2-26,10,10,37.0,0.0,0.0,0.0,0.0,37.0,0.0,37.0,1.3,38.3,0.0,0.0,0.0,0.0,0.0,0.0,5.524875
txn_2022_02_26_365,2022-02-26,2-26,11,11,0.0,92.4,6.24,0.0,0.0,98.64,10.0,108.64,3.45,112.09,0.0,0.0,0.0,0.0,0.0,0.0,87.37487499999999
txn_2022_02_26_366,2022-02-26,2-26,12,12,0.0,81.85,5.51,0.0,0.0,87.36,0.0,87.36,3.06,90.42,0.0,0.0,0.0,0.0,0.0,0.0,0.0
txn_2022_02_26_367,2022-02-26,2-26,13,13,0.0,122.45,8.27,0.0,0.0,130.72,24.7,155.42,4.58,160.0,0.0,0.0,0.0,0.0,0.0,0.0,0.0
txn_2022_02_26_368,2022-02-26,2-26,14,14,0.0,137.3,9.27,27.46,0.0,174.03000000000003,50.0,224.03000000000003,6.09,230.12000000000003,0.0,0.0,0.0,0.0,0.0,0.0,0.0
txn_2022_02_26_369,2022-02-26,2-26,15,15,0.0,62.0,4.19,12.4,0.0,78.59,16.0,94.59,2.75,97.34,0.0,0.0,0.0,0.0,0.0,0.0,0.0
txn_2022_02_26_370,2022-02-26,2-26,16,16,0.0,49.0,3.31,9.8,0.0,62.11,12.0,74.11,2.17,76.28,0.0,0.0,0.0,0.0,0.0,0.0,0.0
txn_2022_02_26_371,2022-02-26,2-26,17,17,0.0,156.5,10.56,31.3,0.0,198.36,45.0,243.36,6.94,250.3,0.0,0.0,0.0,0.0,0.0,0.0,0.0
txn_2022_02_26_372,2022-02-26,2-26,18,18,0.0,48.5,3.27,9.7,0.0,61.47,0.0,61.47,2.15,63.62,0.0,0.0,0.0,0.0,0.0,0.0,0.0
txn_2022_02_26_373,2022-02-26,2-26,19,19,0.0,77.45,5.23,0.0,0.0,82.68,14.0,96.68,2.89,99.57000000000001,0.0,0.0,0.0,0.0,0.0,0.0,0.0
txn_2022_02_26_374,2022-02-26,2-26,20,20,0.0,85.95,5.8,0.0,0.0,91.75,15.0,106.75,3.21,109.96,0.0,0.0,0.0,0.0,0.0,0.0,0.0
txn_2022_02_26_375,2022-02-26,2-26,21,21,0.0,100.7,6.8,0.0,0.0,107.5,22.0,129.5,3.76,133.26,0.0,0.0,0.0,0.0,0.0,0.0,0.0
txn_2022_02_26_376,2022-02-26,2-26,22,22,0.0,79.5,5.37,0.0,0.0,84.87,17.0,101.87,2.97,104.84,0.0,0.0,0.0,0.0,0.0,0.0,0.0
txn_2022_02_26_377,2022-02-26,2-26,23,23,150.0,0.0,0.0,0.0,0.0,150.0,0.0,150.0,5.25,155.25,0.0,0.0,0.0,0.0,0.0,0.0,0.0
txn_2022_02_26_378,2022-02-26,2-26,24,24,0.0,166.7,11.25,33.34,0.0,211.29,45.0,256.28999999999996,7.4,263.68999999999994,0.0,0.0,0.0,0.0,0.0,0.0,0.0
txn_2022_02_26_379,2022-02-26,2-26,25,25,0.0,61.0,4.12,0.0,0.0,65.12,10.0,75.12,2.28,77.4,0.0,0.0,0.0,0.0,0.0,0.0,0.0
txn_2022_02_26_380,2022-02-26,2-26,26,26,0.0,48.9,3.32,0.0,0.0,52.22,8.0,60.22,1.83,62.05,0.0,0.0,0.0,0.0,0.0,0.0,0.0
txn_2022_02_26_381,2022-02-26,2-26,27,27,0.0,111.5,7.53,22.3,0.0,141.33,0.0,141.33,4.95,146.28,0.0,0.0,0.0,0.0,0.0,0.0,0.0
txn_2022_02_26_382,2022-02-26,2-26,28,28,0.0,55.0,3.71,0.0,0.0,58.71,10.0,68.71000000000001,2.05,70.76,0.0,0.0,0.0,0.0,0.0,0.0,0.0
txn_2022_02_26_383,2022-02-26,2-26,29,29,0.0,85.4,5.76,0.0,0.0,91.16000000000001,15.0,106.16000000000001,3.19,109.35000000000001,0.0,0.0,0.0,0.0,0.0,0.0,0.0
txn_2022_02_26_384,2022-02-26,2-26,30,30,0.0,84.85,5.73,16.97,0.0,107.55,10.31,117.86,3.76,121.62,0.0,0.0,0.0,0.0,0.0,0.0,0.0
txn_2022_02_26_385,2022-02-26,2-26,31,31,0.0,179.1,12.09,35.82,0.0,227.01,0.0,227.01,7.95,234.95999999999998,0.0,0.0,0.0,0.0,0.0,0.0,0.0
txn_2022_02_26_386,2022-02-26,2-26,32,32,0.0,157.8,10.65,31.56,0.0,200.01000000000002,30.0,230.01000000000002,7.0,237.01000000000002,0.0,0.0,0.0,0.0,0.0,0.0,0.0
txn_2022_02_26_387,2022-02-26,2-26,33,33,35.0,0.0,0.0,0.0,0.0,35.0,0.0,35.0,1.23,36.23,0.0,0.0,0.0,0.0,0.0,0.0,0.0
txn_2022_02_26_388,2022-02-26,2-26,34,34,33.5,0.0,0.0,0.0,0.0,33.5,0.0,33.5,1.17,34.67,0.0,0.0,0.0,0.0,0.0,0.0,0.0
txn_2022_02_26_389,2022-02-26,2-26,35,35,0.0,98.25,6.63,0.0,0.0,104.88,0.0,104.88,3.67,108.55,0.0,0.0,0.0,0.0,0.0,0.0,0.0
txn_2022_02_26_390,2022-02-26,2-26,36,36,0.0,33.22,2.25,0.0,0.0,35.47,5.0,40.47,1.24,41.71,0.0,0.0,0.0,0.0,0.0,0.0,0.0
txn_2022_02_26_391,2022-02-26,2-26,37,37,0.0,33.22,2.25,0.0,0.0,35.47,5.0,40.47,1.24,41.71,0.0,0.0,0.0,0.0,0.0,0.0,0.0
txn_2022_02_26_392,2022-02-26,2-26,38,38,0.0,82.15,5.55,0.0,0.0,87.7,19.23,106.93,3.07,110.0,0.0,0.0,0.0,0.0,0.0,0.0,0.0
txn_2022_02_26_393,2022-02-26,2-26,39,39,0.0,104.45,7.05,20.89,0.0,132.39,0.0,132.39,4.63,137.01999999999998,0.0,0.0,0.0,0.0,0.0,0.0,0.0
txn_2022_02_27_394,2022-02-27,2-27,1,1,38.5,0.0,0.0,0.0,0.0,38.5,0.0,38.5,1.35,39.85,,,,,,,
txn_2022_02_27_395,2022-02-27,2-27,2,2,28.0,0.0,0.0,0.0,0.0,28.0,6.0,34.0,0.98,34.98,,,,,,,
txn_2022_02_27_396,2022-02-27,2-27,3,3,0.0,58.45,3.95,0.0,0.0,62.400000000000006,15.0,77.4,2.18,79.58000000000001,,,,,,,
txn_2022_02_27_397,2022-02-27,2-27,4,4,28.5,0.0,0.0,0.0,0.0,28.5,5.0,33.5,1.0,34.5,,,,,,,
txn_2022_02_27_398,2022-02-27,2-27,5,5,68.5,0.0,0.0,0.0,0.0,68.5,5.0,73.5,2.4,75.9,,,,,,,
txn_2022_02_27_399,2022-02-27,2-27,6,6,0.0,71.95,4.86,0.0,0.0,76.81,10.5,87.31,2.69,90.0,,,,,,,
txn_2022_02_27_400,2022-02-27,2-27,7,7,0.0,38.0,2.57,0.0,0.0,40.57,0.0,40.57,1.42,41.99,,,,,,,
txn_2022_02_27_401,2022-02-27,2-27,8,8,0.0,75.95,5.13,0.0,0.0,81.08,0.0,81.08,2.84,83.92,,,,,,,
txn_2022_02_27_402,2022-02-27,2-27,9,9,0.0,68.4,4.62,13.68,0.0,86.70000000000002,25.0,111.70000000000002,3.03,114.73000000000002,,,,,,,
txn_2022_02_27_403,2022-02-27,2-27,10,10,0.0,52.9,3.57,10.58,0.0,67.05,0.0,67.05,2.35,69.39999999999999,,,,,,,
txn_2022_02_27_404,2022-02-27,2-27,11,11,40.5,0.0,0.0,0.0,0.0,40.5,8.0,48.5,1.42,49.92,,,,,,,
txn_2022_02_27_405,2022-02-27,2-27,12,12,0.0,71.95,4.86,14.39,0.0,91.2,0.0,91.2,3.19,94.39,,,,,,,
txn_2022_02_27_406,2022-02-27,2-27,13,13,0.0,104.35,7.04,20.87,0.0,132.26,0.0,132.26,4.63,136.89,,,,,,,
txn_2022_02_27_407,2022-02-27,2-27,14,14,0.0,204.65,13.81,40.93,0.0,259.39,0.0,259.39,9.08,268.46999999999997,,,,,,,
txn_2022_02_27_408,2022-02-27,2-27,15,15,0.0,30.0,2.03,0.0,0.0,32.03,0.0,32.03,1.12,33.15,,,,,,,
txn_2022_02_27_409,2022-02-27,2-27,16,16,0.0,99.25,6.7,0.0,0.0,105.95,20.0,125.95,3.71,129.66,,,,,,,
txn_2022_02_27_410,2022-02-27,2-27,17,17,108.0,0.0,0.0,0.0,0.0,108.0,0.0,108.0,3.78,111.78,,,,,,,
txn_2022_02_27_411,2022-02-27,2-27,18,18,0.0,23.5,1.59,0.0,0.0,25.09,0.0,25.09,0.88,25.97,,,,,,,
